id,description,supplier
101,debit memo 101,Costco
102,debit memo 102,Costco
103,debit memo 103,Costco
104,debit memo 104,Costco
105,debit memo 105,Costco
106,debit memo 106,Costco
107,debit memo 107,Costco
108,debit memo 108,Costco
109,debit memo 109,Costco
110,debit memo 110,Costco
111,debit memo 111,Costco
112,debit memo 112,Costco
113,debit memo 113,Costco
114,debit memo 114,Costco
115,debit memo 115,Costco
116,debit memo 116,Costco
117,debit memo 117,Costco
118,debit memo 118,Costco
119,debit memo 119,Costco
120,debit memo 120,Costco
121,debit memo 121,Costco
122,debit memo 122,Costco
123,debit memo 123,Costco
124,debit memo 124,Costco
125,debit memo 125,Costco
126,debit memo 126,Costco
127,debit memo 127,Costco
128,debit memo 128,Costco
129,debit memo 129,Costco
130,debit memo 130,Costco
131,debit memo 131,Costco
132,debit memo 132,Costco
133,debit memo 133,Costco
134,debit memo 134,Costco
135,debit memo 135,Costco
136,debit memo 136,Costco
137,debit memo 137,Costco
138,debit memo 138,Costco
139,debit memo 139,Costco
140,debit memo 140,Costco
141,debit memo 141,Costco
142,debit memo 142,Costco
143,debit memo 143,Costco
144,debit memo 144,Costco
145,debit memo 145,Costco
146,debit memo 146,Costco
147,debit memo 147,Costco
148,debit memo 148,Costco
149,debit memo 149,Costco
150,debit memo 150,Costco
151,debit memo 151,Costco
152,debit memo 152,Costco
153,debit memo 153,Costco
154,debit memo 154,Costco
155,debit memo 155,Costco
156,debit memo 156,Costco
157,debit memo 157,Costco
158,debit memo 158,Costco
159,debit memo 159,Costco
160,debit memo 160,Costco
161,debit memo 161,Costco
162,debit memo 162,Costco
163,debit memo 163,Costco
164,debit memo 164,Costco
165,debit memo 165,Costco
166,debit memo 166,Costco
167,debit memo 167,Costco
168,debit memo 168,Costco
169,debit memo 169,Costco
170,debit memo 170,Costco
171,debit memo 171,Costco
172,debit memo 172,Costco
173,debit memo 173,Costco
174,debit memo 174,Costco
175,debit memo 175,Costco
176,debit memo 176,Costco
177,debit memo 177,Costco
178,debit memo 178,Costco
179,debit memo 179,Costco
180,debit memo 180,Costco
181,debit memo 181,Costco
182,debit memo 182,Costco
183,debit memo 183,Costco
184,debit memo 184,Costco
185,debit memo 185,Costco
186,debit memo 186,Costco
187,debit memo 187,Costco
188,debit memo 188,Costco
189,debit memo 189,Costco
190,debit memo 190,Costco
191,debit memo 191,Costco
192,debit memo 192,Costco
193,debit memo 193,Costco
194,debit memo 194,Costco
195,debit memo 195,Costco
196,debit memo 196,Costco
197,debit memo 197,Costco
198,debit memo 198,Costco
199,debit memo 199,Costco
200,debit memo 200,Costco
201,debit memo 201,Costco
202,debit memo 202,Costco
203,debit memo 203,Costco
204,debit memo 204,Costco
205,debit memo 205,Costco
206,debit memo 206,Costco
207,debit memo 207,Costco
208,debit memo 208,Costco
209,debit memo 209,Costco
210,debit memo 210,Costco
211,debit memo 211,Costco
212,debit memo 212,Costco
213,debit memo 213,Costco
214,debit memo 214,Costco
215,debit memo 215,Costco
216,debit memo 216,Costco
217,debit memo 217,Costco
218,debit memo 218,Costco
219,debit memo 219,Costco
220,debit memo 220,Costco
221,debit memo 221,Costco
222,debit memo 222,Costco
223,debit memo 223,Costco
224,debit memo 224,Costco
225,debit memo 225,Costco
226,debit memo 226,Costco
227,debit memo 227,Costco
228,debit memo 228,Costco
229,debit memo 229,Costco
230,debit memo 230,Costco
231,debit memo 231,Costco
232,debit memo 232,Costco
233,debit memo 233,Costco
234,debit memo 234,Costco
235,debit memo 235,Costco
236,debit memo 236,Costco
237,debit memo 237,Costco
238,debit memo 238,Costco
239,debit memo 239,Costco
240,debit memo 240,Costco
241,debit memo 241,Costco
242,debit memo 242,Costco
243,debit memo 243,Costco
244,debit memo 244,Costco
245,debit memo 245,Costco
246,debit memo 246,Costco
247,debit memo 247,Costco
248,debit memo 248,Costco
249,debit memo 249,Costco
250,debit memo 250,Costco
251,debit memo 251,Costco
252,debit memo 252,Costco
253,debit memo 253,Costco
254,debit memo 254,Costco
255,debit memo 255,Costco
256,debit memo 256,Costco
257,debit memo 257,Costco
258,debit memo 258,Costco
259,debit memo 259,Costco
260,debit memo 260,Costco
261,debit memo 261,Costco
262,debit memo 262,Costco
263,debit memo 263,Costco
264,debit memo 264,Costco
265,debit memo 265,Costco
266,debit memo 266,Costco
267,debit memo 267,Costco
268,debit memo 268,Costco
269,debit memo 269,Costco
270,debit memo 270,Costco
271,debit memo 271,Costco
272,debit memo 272,Costco
273,debit memo 273,Costco
274,debit memo 274,Costco
275,debit memo 275,Costco
276,debit memo 276,Costco
277,debit memo 277,Costco
278,debit memo 278,Costco
279,debit memo 279,Costco
280,debit memo 280,Costco
281,debit memo 281,Costco
282,debit memo 282,Costco
283,debit memo 283,Costco
284,debit memo 284,Costco
285,debit memo 285,Costco
286,debit memo 286,Costco
287,debit memo 287,Costco
288,debit memo 288,Costco
289,debit memo 289,Costco
290,debit memo 290,Costco
291,debit memo 291,Costco
292,debit memo 292,Costco
293,debit memo 293,Costco
294,debit memo 294,Costco
295,debit memo 295,Costco
296,debit memo 296,Costco
297,debit memo 297,Costco
298,debit memo 298,Costco
299,debit memo 299,Costco
300,debit memo 300,Costco
301,debit memo 301,Costco
302,debit memo 302,Costco
303,debit memo 303,Costco
304,debit memo 304,Costco
305,debit memo 305,Costco
306,debit memo 306,Costco
307,debit memo 307,Costco
308,debit memo 308,Costco
309,debit memo 309,Costco
310,debit memo 310,Costco
311,debit memo 311,Costco
312,debit memo 312,Costco
313,debit memo 313,Costco
314,debit memo 314,Costco
315,debit memo 315,Costco
316,debit memo 316,Costco
317,debit memo 317,Costco
318,debit memo 318,Costco
319,debit memo 319,Costco
320,debit memo 320,Costco
321,debit memo 321,Costco
322,debit memo 322,Costco
323,debit memo 323,Costco
324,debit memo 324,Costco
325,debit memo 325,Costco
326,debit memo 326,Costco
327,debit memo 327,Costco
328,debit memo 328,Costco
329,debit memo 329,Costco
330,debit memo 330,Costco
331,debit memo 331,Costco
332,debit memo 332,Costco
333,debit memo 333,Costco
334,debit memo 334,Costco
335,debit memo 335,Costco
336,debit memo 336,Costco
337,debit memo 337,Costco
338,debit memo 338,Costco
339,debit memo 339,Costco
340,debit memo 340,Costco
341,debit memo 341,Costco
342,debit memo 342,Costco
343,debit memo 343,Costco
344,debit memo 344,Costco
345,debit memo 345,Costco
346,debit memo 346,Costco
347,debit memo 347,Costco
348,debit memo 348,Costco
349,debit memo 349,Costco
350,debit memo 350,Costco
351,debit memo 351,Costco
352,debit memo 352,Costco
353,debit memo 353,Costco
354,debit memo 354,Costco
355,debit memo 355,Costco
356,debit memo 356,Costco
357,debit memo 357,Costco
358,debit memo 358,Costco
359,debit memo 359,Costco
360,debit memo 360,Costco
361,debit memo 361,Costco
362,debit memo 362,Costco
363,debit memo 363,Costco
364,debit memo 364,Costco
365,debit memo 365,Costco
366,debit memo 366,Costco
367,debit memo 367,Costco
368,debit memo 368,Costco
369,debit memo 369,Costco
370,debit memo 370,Costco
371,debit memo 371,Costco
372,debit memo 372,Costco
373,debit memo 373,Costco
374,debit memo 374,Costco
375,debit memo 375,Costco
376,debit memo 376,Costco
377,debit memo 377,Costco
378,debit memo 378,Costco
379,debit memo 379,Costco
380,debit memo 380,Costco
381,debit memo 381,Costco
382,debit memo 382,Costco
383,debit memo 383,Costco
384,debit memo 384,Costco
385,debit memo 385,Costco
386,debit memo 386,Costco
387,debit memo 387,Costco
388,debit memo 388,Costco
389,debit memo 389,Costco
390,debit memo 390,Costco
391,debit memo 391,Costco
392,debit memo 392,Costco
393,debit memo 393,Costco
394,debit memo 394,Costco
395,debit memo 395,Costco
396,debit memo 396,Costco
397,debit memo 397,Costco
398,debit memo 398,Costco
399,debit memo 399,Costco
400,debit memo 400,Costco
401,debit memo 401,Costco
402,debit memo 402,Costco
403,debit memo 403,Costco
404,debit memo 404,Costco
405,debit memo 405,Costco
406,debit memo 406,Costco
407,debit memo 407,Costco
408,debit memo 408,Costco
409,debit memo 409,Costco
410,debit memo 410,Costco
411,debit memo 411,Costco
412,debit memo 412,Costco
413,debit memo 413,Costco
414,debit memo 414,Costco
415,debit memo 415,Costco
416,debit memo 416,Costco
417,debit memo 417,Costco
418,debit memo 418,Costco
419,debit memo 419,Costco
420,debit memo 420,Costco
421,debit memo 421,Costco
422,debit memo 422,Costco
423,debit memo 423,Costco
424,debit memo 424,Costco
425,debit memo 425,Costco
426,debit memo 426,Costco
427,debit memo 427,Costco
428,debit memo 428,Costco
429,debit memo 429,Costco
430,debit memo 430,Costco
431,debit memo 431,Costco
432,debit memo 432,Costco
433,debit memo 433,Costco
434,debit memo 434,Costco
435,debit memo 435,Costco
436,debit memo 436,Costco
437,debit memo 437,Costco
438,debit memo 438,Costco
439,debit memo 439,Costco
440,debit memo 440,Costco
441,debit memo 441,Costco
442,debit memo 442,Costco
443,debit memo 443,Costco
444,debit memo 444,Costco
445,debit memo 445,Costco
446,debit memo 446,Costco
447,debit memo 447,Costco
448,debit memo 448,Costco
449,debit memo 449,Costco
450,debit memo 450,Costco
451,debit memo 451,Costco
452,debit memo 452,Costco
453,debit memo 453,Costco
454,debit memo 454,Costco
455,debit memo 455,Costco
456,debit memo 456,Costco
457,debit memo 457,Costco
458,debit memo 458,Costco
459,debit memo 459,Costco
460,debit memo 460,Costco
461,debit memo 461,Costco
462,debit memo 462,Costco
463,debit memo 463,Costco
464,debit memo 464,Costco
465,debit memo 465,Costco
466,debit memo 466,Costco
467,debit memo 467,Costco
468,debit memo 468,Costco
469,debit memo 469,Costco
470,debit memo 470,Costco
471,debit memo 471,Costco
472,debit memo 472,Costco
473,debit memo 473,Costco
474,debit memo 474,Costco
475,debit memo 475,Costco
476,debit memo 476,Costco
477,debit memo 477,Costco
478,debit memo 478,Costco
479,debit memo 479,Costco
480,debit memo 480,Costco
481,debit memo 481,Costco
482,debit memo 482,Costco
483,debit memo 483,Costco
484,debit memo 484,Costco
485,debit memo 485,Costco
486,debit memo 486,Costco
487,debit memo 487,Costco
488,debit memo 488,Costco
489,debit memo 489,Costco
490,debit memo 490,Costco
491,debit memo 491,Costco
492,debit memo 492,Costco
493,debit memo 493,Costco
494,debit memo 494,Costco
495,debit memo 495,Costco
496,debit memo 496,Costco
497,debit memo 497,Costco
498,debit memo 498,Costco
499,debit memo 499,Costco
500,debit memo 500,Costco
501,debit memo 501,Costco
502,debit memo 502,Costco
503,debit memo 503,Costco
504,debit memo 504,Costco
505,debit memo 505,Costco
506,debit memo 506,Costco
507,debit memo 507,Costco
508,debit memo 508,Costco
509,debit memo 509,Costco
510,debit memo 510,Costco
511,debit memo 511,Costco
512,debit memo 512,Costco
513,debit memo 513,Costco
514,debit memo 514,Costco
515,debit memo 515,Costco
516,debit memo 516,Costco
517,debit memo 517,Costco
518,debit memo 518,Costco
519,debit memo 519,Costco
520,debit memo 520,Costco
521,debit memo 521,Costco
522,debit memo 522,Costco
523,debit memo 523,Costco
524,debit memo 524,Costco
525,debit memo 525,Costco
526,debit memo 526,Costco
527,debit memo 527,Costco
528,debit memo 528,Costco
529,debit memo 529,Costco
530,debit memo 530,Costco
531,debit memo 531,Costco
532,debit memo 532,Costco
533,debit memo 533,Costco
534,debit memo 534,Costco
535,debit memo 535,Costco
536,debit memo 536,Costco
537,debit memo 537,Costco
538,debit memo 538,Costco
539,debit memo 539,Costco
540,debit memo 540,Costco
541,debit memo 541,Costco
542,debit memo 542,Costco
543,debit memo 543,Costco
544,debit memo 544,Costco
545,debit memo 545,Costco
546,debit memo 546,Costco
547,debit memo 547,Costco
548,debit memo 548,Costco
549,debit memo 549,Costco
550,debit memo 550,Costco
